{
  "format_version": "1.10",
  "minecraft:item": {
    "description": {
      "identifier": "veguerra:poheroi"
    },

    "components": {
      "minecraft:stacked_by_data": true,
      "minecraft:use_duration": 32,
      "minecraft:foil": false,
  
      "minecraft:food": {
        "nutrition": 4,
        "saturation_modifier": "supernatural",
        "can_always_eat": true,
        "effects": [
          {
            "name": "regeneration",
            "chance": 1.0,
            "duration": 100,
            "amplifier": 2
          },
          {
            "name": "speed",
            "chance": 1.0,
            "duration": 150,
            "amplifier": 2
          },
          {
            "name": "jump_boost",
            "chance": 1.0,
            "duration": 175,
            "amplifier": 3
          },
          {
            "name": "strength",
            "chance": 1.0,
            "duration": 200, // 2 * 60
            "amplifier": 4
          }
        ]
      }
    }
  }
}