{
    "format_version": "1.10.0",
    "minecraft:attachable": {
      "description": {
        "identifier": "veguerra:jakea.player",
        "item": { "veguerra:jakea": "query.owner_identifier == 'minecraft:player'" },
        "materials": {
          "default": "armor",
          "enchanted": "armor_enchanted"
        },
        "textures": {
          "default": "textures/models/jakea",
          "enchanted": "textures/misc/enchanted_item_glint"
        },
        "geometry": {
          "default": "geometry.jakea"
        },
        "scripts": {
          "parent_setup": "variable.helmet_layer_visible = 0.0;"
        },
        "render_controllers": [ "controller.render.armor" ]
      }
    }
  }
  