{
  "format_version": "1.12",
  "minecraft:recipe_shaped": {
    "description": {
    "identifier": "veguerra:pilha"
    },

    
    "tags": [ "crafting_table" ],
    "pattern": [
      "#",
      "X",
      "Y"
    ],
    "key": {
      "#": {
        "item": "minecraft:coal"
      },
      "X": {
        "item": "minecraft:redstone"
      },
      "Y": {
        "item": "minecraft:iron_ingot"
      }
    },
    "result": {
      "item": "veguerra:pilha",
      "count": 2
    }
  }
}
