{
  "resource_pack_name": "vanilla",
  "texture_name": "atlas.items",
  "texture_data": {
    "espada1": {
      "textures": "textures/items/espada1"
    },
    "espada2": {
      "textures": "textures/items/espada2"
    },
    "espada3": {
      "textures": "textures/items/espada3"
    },
    "espada4": {
      "textures": "textures/items/espada4"
    },
    "espada5": {
      "textures": "textures/items/espada5"
    },
    "pilha": {
      "textures": "textures/items/pilha"
    },
    "bmo": {
      "textures": "textures/items/bmo"
    },
    "espada6": {
      "textures": "textures/items/espada6"
    },
    "espada7": {
      "textures": "textures/items/espada7"
    },
    "espada8": {
      "textures": "textures/items/espada8"
    },
    "finn": {
      "textures": "textures/items/finn"
    },
    "jake": {
      "textures": "textures/items/jake"
    },
    "rei": {
      "textures": "textures/items/rei"
    },
    "sanduiche": {
      "textures": "textures/items/sanduiche"
    },
    "sanduichem": {
      "textures": "textures/items/sanduichem"
    },
    "sangued": {
      "textures": "textures/items/sangued"
    },
    "pjujuba": {
      "textures": "textures/items/pjujuba"
    },
    "pcaroco": {
      "textures": "textures/items/pcaroco"
    },
    "pfogo": {
      "textures": "textures/items/pfogo"
    },
    "jujubas": {
      "textures": "textures/items/jujubas"
    },
    "crystal": {
      "textures": "textures/items/crystal"
    },
    "bcrystal": {
      "textures": "textures/items/bcrystal"
    },
    "gcrystal": {
      "textures": "textures/items/gcrystal"
    },
    "coroag": {
      "textures": "textures/items/coroag"
    },
    "livro": {
      "textures": "textures/items/livro"
    },
    "mordomo": {
      "textures": "textures/items/mordomo"
    },
    "obsidianp": {
      "textures": "textures/items/obsidianp"
    },
    "pinguin": {
      "textures": "textures/items/pinguin"
    },
    "marceline": {
      "textures": "textures/items/marceline"
    },
    "limaograb": {
      "textures": "textures/items/limaograb"
    },
    "limao": {
      "textures": "textures/items/limao"
    },
    "slimao": {
      "textures": "textures/items/slimao"
    },
    "menta": {
      "textures": "textures/items/menta"
    },
    "mentaq": {
      "textures": "textures/items/mentaq"
    },
    "cell": {
      "textures": "textures/items/cell"
    },
    "poheroi": {
      "textures": "textures/items/poheroi"
    },
    "ffogo": {
      "textures": "textures/items/ffogo"
    },
    "pobsidian": {
      "textures": "textures/items/pobsidian"
    }
  }
}