{
  "format_version": "1.13.0",
  "minecraft:entity": {
    "description": {
      "identifier": "minecraft:player",
      "is_spawnable": false,
      "is_summonable": false,
      "is_experimental": false
    },
    "component_groups": {
      "minecraft:normal_player": {
        "minecraft:attack": {
          "damage": 1
        },
        "minecraft:variant": {
          "value": 0
        }
      },
      "minecraft:espada1": {
        "minecraft:attack": {
          "damage": 9
        },
        "minecraft:variant": {
          "value": 1
        }
      }, 
      "minecraft:espada2": {
        "minecraft:attack": {
          "damage": 15
        },
        "minecraft:variant": {
          "value": 2
        }
      }, 
      "minecraft:espada3": {
        "minecraft:attack": {
          "damage": 11
        },
        "minecraft:variant": {
          "value": 3
        }
      }, 
      "minecraft:espada4": {
        "minecraft:attack": {
          "damage": 13
        },
        "minecraft:variant": {
          "value": 4
        }
      }, 
      "minecraft:espada5": {
        "minecraft:attack": {
          "damage": 25
        },
        "minecraft:variant": {
          "value": 5
        }
      },
      "minecraft:espada6": {
        "minecraft:attack": {
          "damage": 17
        },
        "minecraft:variant": {
          "value": 6
        }
      },
      "minecraft:espada7": {
        "minecraft:attack": {
          "damage": 16
        },
        "minecraft:variant": {
          "value": 7
        }
      },
      "minecraft:espada8": {
        "minecraft:attack": {
          "damage": 23
        },
        "minecraft:variant": {
          "value": 8
        }
      },
      "minecraft:add_bad_omen": {
        "minecraft:spell_effects": {
          "add_effects": [
            {
              "effect": "bad_omen",
              "duration": 6000,
              "display_on_screen_animation": true
            }
          ]
        },
        "minecraft:timer": {
          "time": [
            0,
            0
          ],
          "looping": false,
          "time_down_event": {
            "event": "minecraft:clear_add_bad_omen",
            "target": "self"
          }
        }
      },
      "minecraft:clear_bad_omen_spell_effect": {
        "minecraft:spell_effects": {}
      },
      "minecraft:raid_trigger": {
        "minecraft:raid_trigger": {
          "triggered_event": {
            "event": "minecraft:remove_raid_trigger",
            "target": "self"
          }
        },
        "minecraft:spell_effects": {
          "remove_effects": "bad_omen"
        }
      }
    },
    "components": {
      "minecraft:experience_reward": {
        "on_death": "Math.Min(query.player_level * 7, 100)"
      },
      "minecraft:type_family": {
        "family": [
          "player"
        ]
      },
      "minecraft:is_hidden_when_invisible": {},
      "minecraft:loot": {
        "table": "loot_tables/empty.json"
      },
      "minecraft:collision_box": {
        "width": 0.6,
        "height": 1.8
      },
      "minecraft:can_climb": {},
      "minecraft:movement": {
        "value": 0.1
      },
      "minecraft:hurt_on_condition": {
        "damage_conditions": [
          {
            "filters": {
              "test": "in_lava",
              "subject": "self",
              "operator": "==",
              "value": true
            },
            "cause": "lava",
            "damage_per_tick": 4
          }
        ]
      },
      "minecraft:player.saturation": {
        "value": 20
      },
      "minecraft:player.exhaustion": {
        "value": 0,
        "max": 4
      },
      "minecraft:player.level": {
        "value": 0,
        "max": 24791
      },
      "minecraft:player.experience": {
        "value": 0,

        "max": 1
      },
      "minecraft:breathable": {
        "total_supply": 15,
        "suffocate_time": -1,
        "inhale_time": 3.75,
        "generates_bubbles": false
      },
      "minecraft:nameable": {
        "always_show": true,
        "allow_name_tag_renaming": false
      },
      "minecraft:physics": {},
      "minecraft:pushable": {
        "is_pushable": false,
        "is_pushable_by_piston": true
      },
      "minecraft:insomnia": {
        "days_until_insomnia": 3
      },
      "minecraft:rideable": {
        "seat_count": 2,
        "family_types": [
          "parrot_tame"
        ],
        "pull_in_entities": true,
        "seats": [
          {
            "position": [
              0.4,
              -0.2,
              -0.1
            ],
            "min_rider_count": 0,
            "max_rider_count": 0,
            "lock_rider_rotation": 0
          },
          {
            "position": [
              -0.4,
              -0.2,
              -0.1
            ],
            "min_rider_count": 1,
            "max_rider_count": 2,
            "lock_rider_rotation": 0
          }
        ]
      },
      "minecraft:scaffolding_climber": {},
      "minecraft:environment_sensor": {
        "triggers": [
          {
            "filters": {
              "all_of": [
                {
                  "test": "has_mob_effect",
                  "subject": "self",
                  "value": "bad_omen"
                },
                {
                  "test": "is_in_village",
                  "subject": "self",
                  "value": true
                }
              ]
            },
            "event": "minecraft:trigger_raid"
          },
          {
            "filters": {
              "all_of": [
                {
                  "test": "is_variant",
                  "operator": "!=",
                  "value": 0
                },
                {
                  "test": "has_equipment",
                  "domain": "hand",
                  "operator": "!=",
                  "value": "veguerra:espada1"
                },
                {
                  "test": "has_equipment",
                  "domain": "hand",
                  "operator": "!=",
                  "value": "veguerra:espada2"
                },
                {
                  "test": "has_equipment",
                  "domain": "hand",
                  "operator": "!=",
                  "value": "veguerra:espada3"
                },
                {
                  "test": "has_equipment",
                  "domain": "hand",
                  "operator": "!=",
                  "value": "veguerra:espada4"
                },
                {
                  "test": "has_equipment",
                  "domain": "hand",
                  "operator": "!=",
                  "value": "veguerra:espada5"
                },
                {
                  "test": "has_equipment",
                  "domain": "hand",
                  "operator": "!=",
                  "value": "veguerra:espada6"
                },
                {
                  "test": "has_equipment",
                  "domain": "hand",
                  "operator": "!=",
                  "value": "veguerra:espada7"
                },
                {
                  "test": "has_equipment",
                  "domain": "hand",
                  "operator": "!=",
                  "value": "veguerra:espada8"
                }
              ]
            },
            "event": "minecraft:event_normal_player"
          },
          {
            "filters": {
              "all_of": [
                {
                  "test": "has_equipment",
                  "domain": "hand",
                  "value": "veguerra:espada1"
                },
                {
                  "test": "is_variant",
                  "operator": "!=",
                  "value": 1
                }
              ]
            },
            "event": "minecraft:espada1"
          },
          {
            "filters": {
              "all_of": [
                {
                  "test": "has_equipment",
                  "domain": "hand",
                  "value": "veguerra:espada2"
                },
                {
                  "test": "is_variant",
                  "operator": "!=",
                  "value": 2
                }
              ]
            },
            "event": "minecraft:espada2"
          },
          {
            "filters": {
              "all_of": [
                {
                  "test": "has_equipment",
                  "domain": "hand",
                  "value": "veguerra:espada3"
                },
                {
                  "test": "is_variant",
                  "operator": "!=",
                  "value": 3
                }
              ]
            },
            "event": "minecraft:espada3"
          },
          {
            "filters": {
              "all_of": [
                {
                  "test": "has_equipment",
                  "domain": "hand",
                  "value": "veguerra:espada4"
                },
                {
                  "test": "is_variant",
                  "operator": "!=",
                  "value": 4
                }
              ]
            },
            "event": "minecraft:espada4"
          },
          {
            "filters": {
              "all_of": [
                {
                  "test": "has_equipment",
                  "domain": "hand",
                  "value": "veguerra:espada5"
                },
                {
                  "test": "is_variant",
                  "operator": "!=",
                  "value": 5
                }
              ]
            },
            "event": "minecraft:espada5"
          },
          {
            "filters": {
              "all_of": [
                {
                  "test": "has_equipment",
                  "domain": "hand",
                  "value": "veguerra:espada6"
                },
                {
                  "test": "is_variant",
                  "operator": "!=",
                  "value": 6
                }
              ]
            },
            "event": "minecraft:espada6"
          },
          {
            "filters": {
              "all_of": [
                {
                  "test": "has_equipment",
                  "domain": "hand",
                  "value": "veguerra:espada7"
                },
                {
                  "test": "is_variant",
                  "operator": "!=",
                  "value": 7
                }
              ]
            },
            "event": "minecraft:espada7"
          },
          {
            "filters": {
              "all_of": [
                {
                  "test": "has_equipment",
                  "domain": "hand",
                  "value": "veguerra:espada8"
                },
                {
                  "test": "is_variant",
                  "operator": "!=",
                  "value": 8
                }
              ]
            },
            "event": "minecraft:espada8"
          }
        ]
      }
    },
    "events": {
      "minecraft:event_normal_player": {
        "add": {
          "component_groups": [
            "minecraft:normal_player"
          ]
        },
        "remove": {
          "component_groups": [
            "minecraft:espada1",
            "minecraft:espada2",
            "minecraft:espada3",
            "minecraft:espada4",
            "minecraft:espada5",
            "minecraft:espada6",
            "minecraft:espada7",
            "minecraft:espada8"
          ]
        }
      },
      "minecraft:espada1": {
        "add": {
          "component_groups": [
            "minecraft:espada1"
          ]
        }
      },
      "minecraft:espada2": {
        "add": {
          "component_groups": [
            "minecraft:espada2"
          ]
        }
      },
      "minecraft:espada3": {
        "add": {
          "component_groups": [
            "minecraft:espada3"
          ]
        }
      },
      "minecraft:espada4": {
        "add": {
          "component_groups": [
            "minecraft:espada4"
          ]
        }
      },
      "minecraft:espada5": {
        "add": {
          "component_groups": [
            "minecraft:espada5"
          ]
        }
      },
      "minecraft:espada6": {
        "add": {
          "component_groups": [
            "minecraft:espada6"
          ]
        }
      },
      "minecraft:espada7": {
        "add": {
          "component_groups": [
            "minecraft:espada7"
          ]
        }
      },
      "minecraft:espada8": {
        "add": {
          "component_groups": [
            "minecraft:espada8"
          ]
        }
      },
      "minecraft:gain_bad_omen": {
        "add": {
          "component_groups": [
            "minecraft:add_bad_omen"
          ]
        }
      },
      "minecraft:clear_add_bad_omen": {
        "remove": {
          "component_groups": [
            "minecraft:add_bad_omen"
          ]
        },
        "add": {
          "component_groups": [
            "minecraft:clear_bad_omen_spell_effect"
          ]
        }
      },
      "minecraft:trigger_raid": {
        "add": {
          "component_groups": [
            "minecraft:raid_trigger"
          ]
        }
      },
      "minecraft:remove_raid_trigger": {
        "remove": {
          "component_groups": [
            "minecraft:raid_trigger"
          ]
        }
      }
    }
  }
}