{
  "format_version": "1.8.0",
  "minecraft:spawn_rules": {
    "description": {
      "identifier": "veguerra:marceline",
      "population_control": "animal"
    },
    "conditions": [
      {
        "minecraft:spawns_on_surface": {},
        "minecraft:brightness_filter": {
          "min": 0,
          "max": 5,
          "adjust_for_weather": false
        },
        "minecraft:weight": {
          "default": 2
        },
        "minecraft:herd": {
          "min_size":1,
          "max_size":1
        },
    
        "minecraft:biome_filter": {
            "test": "has_biome_tag", "operator":"==", "value": "forest"
        }
      }
    ]
  }
}