{
	"format_version": "1.10.0",
	"geometry.bmo": {
		"texturewidth": 32,
		"textureheight": 32,
		"visible_bounds_width": 2,
		"visible_bounds_height": 1,
		"visible_bounds_offset": [0, 0.5, 0],
		"bones": [
			{
				"name": "unknown_bone",
				"pivot": [0, 0, 0],
				"cubes": [
					{"origin": [-2, 0, 0], "size": [1, 5, 1], "uv": [0, 0]},
					{"origin": [2, 0, 0], "size": [1, 5, 1], "uv": [0, 0]},
					{"origin": [2, 0, -1], "size": [1, 1, 1], "uv": [0, 0]},
					{"origin": [-2, 0, -1], "size": [1, 1, 1], "uv": [0, 0]},
					{"origin": [-3, 7, -3], "size": [7, 5, 1], "uv": [15, 23]},
					{"origin": [-3, 3, -3], "size": [7, 4, 1], "uv": [10, 13]},
					{"origin": [-3, 3, -2], "size": [1, 9, 5], "uv": [4, 16]},
					{"origin": [-3, 3, 3], "size": [1, 9, 1], "uv": [0, 0]},
					{"origin": [-2, 3, -2], "size": [5, 9, 6], "uv": [0, 0]},
					{"origin": [3, 3, -2], "size": [1, 9, 6], "uv": [16, 13]}
				]
			},
			{
				"name": "bone",
				"pivot": [0, 0, 0],
				"rotation": [-10, 0, 0],
				"cubes": [
					{"origin": [-4, 1, -2], "size": [1, 6, 1], "uv": [0, 0]},
					{"origin": [4, 1, -2], "size": [1, 6, 1], "uv": [0, 0]}
				]
			}
		]
	}
}