{
	"format_version": "1.10.0",
	"geometry.finn": {
		"texturewidth": 128,
		"textureheight": 128,
		"visible_bounds_width": 4,
		"visible_bounds_height": 4,
		"visible_bounds_offset": [0, 0, 0],
		"bones": [
			{
				"name": "head",
				"pivot": [0, 24, 0],
				"mirror": true,
				"cubes": [
					{"origin": [-7, 36, -6], "size": [14, 13, 12], "uv": [0, 58]},
					{"origin": [3, 49, -2], "size": [4, 5, 5], "uv": [2, 63]},
					{"origin": [-5, 38, -7], "size": [10, 9, 5], "uv": [94, 25]},
					{"origin": [-7, 49, -2], "size": [4, 5, 5], "uv": [11, 64]}
				]
			},
			{
				"name": "body",
				"pivot": [0, 24, 0],
				"mirror": true,
				"cubes": [
					{"origin": [-3, 22, -2], "size": [6, 12, 4], "uv": [27, 26], "inflate": 3},
					{"origin": [9, 21, 0], "size": [0, 9, 0], "uv": [106, 16], "inflate": 2},
					{"origin": [-9, 21, 0], "size": [0, 9, 0], "uv": [108, 16], "inflate": 2},
					{"origin": [9, 33, -1], "size": [1, 1, 2], "uv": [27, 26], "inflate": 2},
					{"origin": [-10, 33, -1], "size": [1, 1, 2], "uv": [27, 26], "inflate": 2},
					{"origin": [-4, 27, 7], "size": [8, 1, 0], "uv": [101, 114], "inflate": 2},
					{"origin": [6, 33, -4], "size": [1, 3, 9], "uv": [101, 114]},
					{"origin": [-7, 33, -4], "size": [1, 3, 9], "uv": [101, 114]},
					{"origin": [-7, 25, -4], "size": [1, 3, 9], "uv": [101, 114]},
					{"origin": [6, 25, -4], "size": [1, 3, 9], "uv": [101, 114]},
					{"origin": [6, 28, -4], "size": [1, 5, 2], "uv": [101, 114]},
					{"origin": [-7, 28, -4], "size": [1, 5, 2], "uv": [101, 114]},
					{"origin": [-4, 32, 7], "size": [8, 2, 0], "uv": [69, 116], "inflate": 2},
					{"origin": [-10, 20, -14], "size": [2, 2, 5], "uv": [86, 85]},
					{"origin": [-10, 20, -7], "size": [2, 2, 5], "uv": [86, 85]},
					{"origin": [-10, 20, -1], "size": [2, 2, 5], "uv": [86, 85]},
					{"origin": [-10, 17, -12], "size": [2, 8, 1], "uv": [92, 83]},
					{"origin": [-10, 17, -5], "size": [2, 8, 1], "uv": [97, 84]},
					{"origin": [-10, 17, -11], "size": [2, 1, 6], "uv": [96, 85]},
					{"origin": [-10, 24, -11], "size": [2, 1, 6], "uv": [92, 85]},
					{"origin": [-9, 19, -29], "size": [0, 4, 17], "uv": [89, 69]},
					{"origin": [-9, 20, -32], "size": [0, 2, 3], "uv": [96, 88]},
					{"origin": [-10, 15, -9], "size": [2, 12, 2], "uv": [91, 82]},
					{"origin": [-10, 18, 4], "size": [2, 6, 1], "uv": [90, 85]}
				]
			},
			{
				"name": "leftLeg",
				"pivot": [-1.9, 12, 0],
				"mirror": true,
				"cubes": [
					{"origin": [-5.9, 16, -3], "size": [5, 4, 6], "uv": [8, 109], "mirror": false},
					{"origin": [-5.9, 4, -3], "size": [5, 1, 6], "uv": [20, 69], "mirror": false},
					{"origin": [-4.9, 5, -2], "size": [3, 11, 4], "uv": [110, 15], "mirror": false},
					{"origin": [-4.9, 0, -2], "size": [3, 4, 4], "uv": [111, 68], "mirror": false},
					{"origin": [-4.9, 0, -3], "size": [3, 2, 1], "uv": [114, 68], "mirror": false}
				]
			},
			{
				"name": "rightLeg",
				"pivot": [1.9, 12, 0],
				"mirror": true,
				"cubes": [
					{"origin": [1.9, 17, -2], "size": [3, 2, 4], "uv": [20, 113], "inflate": 1},
					{"origin": [0.9, 4, -3], "size": [5, 1, 6], "uv": [20, 70]},
					{"origin": [1.9, 0, -2], "size": [3, 4, 4], "uv": [109, 67]},
					{"origin": [1.9, 0, -3], "size": [3, 2, 1], "uv": [112, 69]},
					{"origin": [2.9, 6, -1], "size": [1, 9, 2], "uv": [109, 14], "inflate": 1}
				]
			}
		]
	}
}