{
	"format_version": "1.12.0",
	"minecraft:geometry": [
		{
			"description": {
				"identifier": "geometry.jakea",
				"texture_width": 64,
				"texture_height": 64,
				"visible_bounds_width": 3,
				"visible_bounds_height": 3,
				"visible_bounds_offset": [0, 0, 0]
			},
			"bones": [
				{
					"name": "body",
					"pivot": [0, 24, 0],
					"cubes": [
						{"origin": [-4, 12, -2], "size": [8, 12, 4], "inflate": 0.5, "uv": [0, 16]},
						{"origin": [-3, 12, -3], "size": [6, 6, 0], "inflate": 0.5, "uv": [5, 25]},
						{"origin": [-4, 19, -4], "size": [8, 4, 4], "inflate": 0.5, "uv": [0, 16]}
					]
				},
				{
					"name": "head",
					"parent": "body",
					"pivot": [0, 24, 0],
					"cubes": [
						{"origin": [-4, 24, -4], "size": [8, 8, 8], "inflate": 0.5, "uv": [0, 0]},
						{"origin": [-5, 32, -5], "size": [3, 3, 3], "uv": [24, 16]},
						{"origin": [-5, 28, -1], "size": [1, 5, 3], "uv": [0, 0]},
						{"origin": [4, 28, -1], "size": [1, 5, 3], "uv": [0, 0]},
						{"origin": [2, 33, -5], "size": [3, 2, 3], "uv": [52, 0]},
						{"origin": [-5, 31, -6], "size": [10, 2, 2], "uv": [17, 10]},
						{"origin": [-1, 31, -7], "size": [2, 1, 1], "uv": [25, 19]},
						{"origin": [-1, 32, -7], "size": [2, 1, 1], "uv": [25, 20]},
						{"origin": [3, 26, -6], "size": [2, 5, 2], "uv": [17, 8]},
						{"origin": [-5, 26, -6], "size": [2, 5, 2], "uv": [17, 8]}
					]
				},
				{
					"name": "rightArm",
					"parent": "body",
					"pivot": [-5, 22, 0],
					"cubes": [
						{"origin": [-8, 12, -2], "size": [4, 12, 4], "inflate": 0.5, "uv": [36, 36]},
						{"origin": [-9, 21, -3], "size": [4, 4, 6], "inflate": 0.5, "uv": [36, 36]},
						{"origin": [-9, 11, -2], "size": [5, 5, 5], "inflate": 0.5, "uv": [36, 36]},
						{"origin": [-7, 18, 3], "size": [1, 1, 0], "inflate": 0.5, "uv": [36, 36]}
					]
				},
				{
					"name": "rightItem",
					"parent": "rightArm",
					"pivot": [-6, 15, 1]
				},
				{
					"name": "leftArm",
					"parent": "body",
					"pivot": [5, 22, 0],
					"mirror": true,
					"cubes": [
						{"origin": [4, 12, -2], "size": [4, 12, 4], "inflate": 0.5, "uv": [32, 0], "mirror": false},
						{"origin": [6, 18, 3], "size": [1, 1, 0], "inflate": 0.5, "uv": [32, 0], "mirror": false},
						{"origin": [4, 11, -2], "size": [5, 5, 5], "inflate": 0.5, "uv": [25, 0], "mirror": false},
						{"origin": [5, 21, -3], "size": [4, 4, 6], "inflate": 0.5, "uv": [32, 0], "mirror": false}
					]
				},
				{
					"name": "rightLeg",
					"parent": "body",
					"pivot": [-1.9, 12, 0],
					"cubes": [
						{"origin": [-3.9, 0, -2], "size": [4, 12, 4], "inflate": 0.5, "uv": [0, 32]}
					]
				},
				{
					"name": "leftLeg",
					"parent": "body",
					"pivot": [1.9, 12, 0],
					"mirror": true,
					"cubes": [
						{"origin": [-0.1, 0, -2], "size": [4, 12, 4], "inflate": 0.5, "uv": [24, 24], "mirror": false}
					]
				},
				{
					"name": "leftLeg2",
					"parent": "body",
					"pivot": [1.9, 12, 0],
					"mirror": true
				},
				{
					"name": "leftLeg3",
					"parent": "body",
					"pivot": [1.9, 12, 0],
					"mirror": true
				}
			]
		}
	]
}