{
	"format_version": "1.10.0",
	"geometry.jujuba": {
		"texturewidth": 128,
		"textureheight": 128,
		"visible_bounds_width": 2,
		"visible_bounds_height": 3,
		"visible_bounds_offset": [0, 1.5, 0],
		"bones": [
			{
				"name": "unknown_bone",
				"pivot": [0, 0, 0],
				"cubes": [
					{"origin": [-5, 0, -5], "size": [10, 10, 10], "uv": [88, 0]},
					{"origin": [-4, 7, -4], "size": [8, 9, 8], "uv": [96, 0]},
					{"origin": [-2, 14, -2], "size": [4, 7, 4], "uv": [52, 35]},
					{"origin": [-3, 19, -3], "size": [6, 5, 6], "uv": [52, 52]},
					{"origin": [-6, 33, -5], "size": [6, 1, 10], "uv": [96, 51]},
					{"origin": [0, 33, -5], "size": [6, 1, 10], "uv": [96, 51]},
					{"origin": [-1, 34, -5], "size": [2, 6, 1], "uv": [122, 54]},
					{"origin": [-1, 40, -5], "size": [2, 2, 1], "uv": [122, 75]},
					{"origin": [-2, 40, -5], "size": [1, 2, 1], "uv": [123, 54]},
					{"origin": [1, 40, -5], "size": [1, 2, 1], "uv": [112, 55]},
					{"origin": [-1, 42, -5], "size": [2, 1, 1], "uv": [112, 55]},
					{"origin": [-1, 24, -1], "size": [2, 2, 2], "uv": [120, 122]},
					{"origin": [-3, 26, -3], "size": [6, 6, 6], "uv": [20, 82]},
					{"origin": [-5, 32, -4], "size": [10, 3, 8], "uv": [0, 37]},
					{"origin": [-4, 33, -3], "size": [8, 3, 6], "uv": [0, 43]},
					{"origin": [-5, 15, -4], "size": [2, 18, 8], "uv": [0, 23]},
					{"origin": [-7, 20, -2], "size": [2, 4, 4], "uv": [116, 0]},
					{"origin": [-7, 9, -2], "size": [2, 11, 4], "uv": [116, 113]},
					{"origin": [5, 20, -2], "size": [2, 4, 4], "uv": [116, 0]},
					{"origin": [5, 9, -2], "size": [2, 11, 4], "uv": [116, 113]},
					{"origin": [3, 15, -4], "size": [2, 19, 8], "uv": [0, 24]},
					{"origin": [-3, 16, 2], "size": [6, 18, 2], "uv": [4, 35]}
				]
			}
		]
	}
}