{
	"format_version": "1.10.0",
	"geometry.limaograb": {
		"texturewidth": 64,
		"textureheight": 64,
		"visible_bounds_width": 2,
		"visible_bounds_height": 3,
		"visible_bounds_offset": [0, 0, 0],
		"bones": [
			{
				"name": "unknown_bone",
				"pivot": [0, 0, 0],
				"cubes": [
					{"origin": [-4, 12, -4], "size": [8, 14, 8], "uv": [0, 0]},
					{"origin": [-5, 22, -1], "size": [10, 4, 2], "uv": [24, 0]},
					{"origin": [4, 14, -2], "size": [2, 11, 3], "uv": [24, 0]},
					{"origin": [-6, 14, -2], "size": [2, 11, 3], "uv": [24, 0]},
					{"origin": [4, 12, -2], "size": [2, 2, 3], "uv": [37, 48]},
					{"origin": [-6, 12, -2], "size": [2, 2, 3], "uv": [37, 48]},
					{"origin": [-4, 27, -4], "size": [4, 10, 8], "uv": [35, 45]},
					{"origin": [0, 27, -4], "size": [4, 10, 8], "uv": [39, 45]},
					{"origin": [-1, 31, -7], "size": [2, 1, 3], "uv": [54, 60]},
					{"origin": [-3, 21, -3], "size": [6, 6, 6], "uv": [40, 52]},
					{"origin": [-2, 27, -2], "size": [4, 11, 4], "uv": [48, 49]}
				]
			},
			{
				"name": "leftLeg",
				"pivot": [-1.9, 12, 0],
				"mirror": true,
				"cubes": [
					{"origin": [-3.9, 1, -1], "size": [2, 3, 2], "uv": [4, 56], "mirror": false},
					{"origin": [-3.9, 0, -3], "size": [2, 2, 4], "uv": [4, 56], "mirror": false},
					{"origin": [-3.9, 4, -1], "size": [2, 10, 2], "uv": [0, 16], "mirror": false}
				]
			},
			{
				"name": "rightLeg",
				"pivot": [1.9, 12, 0],
				"mirror": true,
				"cubes": [
					{"origin": [1.9, 4, -1], "size": [2, 10, 2], "uv": [0, 16]},
					{"origin": [1.9, 0, -1], "size": [2, 4, 2], "uv": [4, 55]},
					{"origin": [1.9, 0, -3], "size": [2, 2, 2], "uv": [4, 55]}
				]
			}
		]
	}
}