{
	"format_version": "1.10.0",
	"geometry.mordomo": {
		"texturewidth": 32,
		"textureheight": 32,
		"visible_bounds_width": 2,
		"visible_bounds_height": 1,
		"visible_bounds_offset": [0, 0.5, 0],
		"bones": [
			{
				"name": "unknown_bone",
				"pivot": [0, 0, 0],
				"cubes": [
					{"origin": [-2, 0, 0], "size": [1, 6, 1], "uv": [28, 25]},
					{"origin": [1, 0, 0], "size": [1, 6, 1], "uv": [28, 25]},
					{"origin": [-4, 4, -1], "size": [4, 3, 3], "uv": [18, 26]},
					{"origin": [0, 4, -1], "size": [4, 3, 3], "uv": [10, 26]},
					{"origin": [-4, 7, -1], "size": [4, 5, 2], "uv": [14, 11]},
					{"origin": [-4, 7, 1], "size": [4, 5, 1], "uv": [0, 0]},
					{"origin": [0, 7, -1], "size": [4, 5, 3], "uv": [18, 10]},
					{"origin": [-1, 12, -1], "size": [2, 1, 3], "uv": [0, 28]},
					{"origin": [-3, 12, -1], "size": [2, 1, 3], "uv": [0, 0]},
					{"origin": [1, 12, -1], "size": [2, 1, 3], "uv": [0, 0]},
					{"origin": [-3, 3, -1], "size": [6, 1, 3], "uv": [14, 28]},
					{"origin": [4, 8, -1], "size": [1, 2, 3], "uv": [0, 27]},
					{"origin": [4, 10, -1], "size": [1, 1, 3], "uv": [0, 0]},
					{"origin": [4, 7, -1], "size": [1, 1, 3], "uv": [0, 0]},
					{"origin": [4, 5, -1], "size": [1, 2, 3], "uv": [20, 25]},
					{"origin": [-5, 5, -1], "size": [1, 2, 3], "uv": [24, 27]},
					{"origin": [-5, 10, -1], "size": [1, 1, 3], "uv": [0, 0]},
					{"origin": [-5, 8, -1], "size": [1, 2, 3], "uv": [0, 27]},
					{"origin": [-5, 7, -1], "size": [1, 1, 3], "uv": [0, 0]},
					{"origin": [-2, 0, -1], "size": [1, 1, 1], "uv": [28, 0]},
					{"origin": [1, 0, -1], "size": [1, 1, 1], "uv": [28, 0]},
					{"origin": [-7, 6, 0], "size": [7, 1, 1], "uv": [14, 30]},
					{"origin": [-8, 6, 0], "size": [1, 1, 1], "uv": [0, 0]},
					{"origin": [0, 6, 0], "size": [7, 1, 1], "uv": [14, 30]},
					{"origin": [7, 6, 0], "size": [1, 1, 1], "uv": [0, 0]},
					{"origin": [-1, 6, -2], "size": [2, 1, 1], "uv": [0, 30]},
					{"origin": [-2, 5, -2], "size": [1, 2, 1], "uv": [0, 29]},
					{"origin": [1, 5, -2], "size": [1, 2, 1], "uv": [0, 29]},
					{"origin": [-3, 2, 2], "size": [2, 4, 0], "uv": [28, 28]},
					{"origin": [1, 2, 2], "size": [2, 4, 0], "uv": [28, 28]}
				]
			}
		]
	}
}