{
	"format_version": "1.10.0",
	"geometry.pcaroco": {
		"texturewidth": 64,
		"textureheight": 64,
		"visible_bounds_width": 2,
		"visible_bounds_height": 1,
		"visible_bounds_offset": [0, 0.5, 0],
		"bones": [
			{
				"name": "unknown_bone",
				"pivot": [0, 0, 0],
				"cubes": [
					{"origin": [-1, 7, -1], "size": [2, 3, 3], "uv": [9, 22]}
				]
			},
			{
				"name": "bone",
				"pivot": [0, 0, 0],
				"cubes": [
					{"origin": [-2, 10, 0], "size": [4, 11, 2], "uv": [0, 0]},
					{"origin": [-3, 18, 0], "size": [1, 2, 2], "uv": [0, 0]},
					{"origin": [-3, 18, -1], "size": [1, 1, 1], "uv": [0, 0]},
					{"origin": [2, 18, -1], "size": [1, 1, 1], "uv": [0, 0]},
					{"origin": [2, 18, 2], "size": [1, 1, 1], "uv": [0, 0]},
					{"origin": [-3, 18, 2], "size": [1, 1, 1], "uv": [0, 0]},
					{"origin": [2, 18, 0], "size": [1, 2, 2], "uv": [0, 0]},
					{"origin": [-1, 21, 0], "size": [2, 1, 2], "uv": [0, 0]},
					{"origin": [-4, 11, -1], "size": [2, 7, 1], "uv": [8, 28]},
					{"origin": [-4, 11, 2], "size": [2, 7, 1], "uv": [24, 0]},
					{"origin": [2, 11, -1], "size": [2, 7, 1], "uv": [25, 26]},
					{"origin": [2, 11, 2], "size": [2, 7, 1], "uv": [19, 26]},
					{"origin": [-2, 19, -1], "size": [4, 2, 1], "uv": [22, 16]},
					{"origin": [-2, 19, 1], "size": [4, 2, 2], "uv": [0, 20]},
					{"origin": [-2, 11, -2], "size": [4, 4, 2], "uv": [12, 6]},
					{"origin": [-2, 15, -2], "size": [4, 4, 2], "uv": [12, 0]},
					{"origin": [-2, 10, -1], "size": [4, 1, 1], "uv": [27, 8]},
					{"origin": [-2, 11, 2], "size": [4, 8, 2], "uv": [10, 12]},
					{"origin": [2, 13, 0], "size": [4, 4, 2], "uv": [20, 20]},
					{"origin": [6, 14, 0.5], "size": [1, 2, 1], "uv": [20, 20]},
					{"origin": [-7, 14, 0.5], "size": [1, 2, 1], "uv": [20, 20]},
					{"origin": [4, 17, 0], "size": [1, 1, 2], "uv": [20, 20]},
					{"origin": [4, 12, 0], "size": [1, 1, 2], "uv": [20, 20]},
					{"origin": [-5, 12, 0], "size": [1, 1, 2], "uv": [20, 20]},
					{"origin": [-5, 17, 0], "size": [1, 1, 2], "uv": [20, 20]},
					{"origin": [2, 17, 0], "size": [2, 1, 2], "uv": [30, 17]},
					{"origin": [2, 11, 0], "size": [2, 2, 2], "uv": [30, 10]},
					{"origin": [-4, 11, 0], "size": [2, 2, 2], "uv": [30, 4]},
					{"origin": [-6, 13, 0], "size": [2, 4, 2], "uv": [0, 14]},
					{"origin": [-4, 17, 0], "size": [2, 1, 2], "uv": [30, 0]}
				]
			},
			{
				"name": "bone2",
				"pivot": [-2, 6, 0],
				"rotation": [0, 0, 15],
				"cubes": [
					{"origin": [-3, 7, -1], "size": [1, 4, 3], "uv": [0, 24]}
				]
			},
			{
				"name": "bone3",
				"pivot": [2, 6, 0],
				"rotation": [0, 0, -15],
				"cubes": [
					{"origin": [2, 7, -1], "size": [1, 4, 3], "uv": [22, 9]}
				]
			}
		]
	}
}