{
	"format_version": "1.10.0",
	"geometry.pinguin": {
		"texturewidth": 64,
		"textureheight": 64,
		"visible_bounds_width": 2,
		"visible_bounds_height": 2,
		"visible_bounds_offset": [0, 1, 0],
		"bones": [
			{
				"name": "cabea",
				"pivot": [0, 0, 0],
				"cubes": [
					{"origin": [-3, 12, -2], "size": [6, 6, 6], "uv": [0, 15]},
					{"origin": [-1, 13, -4], "size": [2, 1, 2], "uv": [56, 0]}
				]
			},
			{
				"name": "corpo",
				"pivot": [0, 0, 0],
				"cubes": [
					{"origin": [-4, 1, -1], "size": [8, 11, 4], "uv": [40, 49]},
					{"origin": [-3, 2, 3], "size": [6, 10, 1], "uv": [50, 53]},
					{"origin": [-3, 2, -2], "size": [6, 9, 1], "uv": [0, 53]}
				]
			},
			{
				"name": "perna_esquerda",
				"pivot": [2, 0, 2],
				"rotation": [0, -10, 0],
				"cubes": [
					{"origin": [2, 0, -2], "size": [2, 1, 4], "uv": [52, 0]}
				]
			},
			{
				"name": "perna_direita",
				"pivot": [-2, 0, 2],
				"rotation": [0, 10, 0],
				"cubes": [
					{"origin": [-4, 0, -2], "size": [2, 1, 4], "uv": [52, 0]}
				]
			},
			{
				"name": "cauda",
				"pivot": [0, 0, 0],
				"rotation": [-10, 0, 0],
				"cubes": [
					{"origin": [-1, 2, 2], "size": [2, 1, 3], "uv": [44, 62]}
				]
			},
			{
				"name": "bone",
				"pivot": [0, 0, 0],
				"cubes": [
					{"origin": [4, 3, -1], "size": [1, 9, 4], "uv": [60, 62]},
					{"origin": [-5, 3, -1], "size": [1, 9, 4], "uv": [60, 62]}
				]
			}
		]
	}
}