{
	"format_version": "1.10.0",
	"geometry.pfogo": {
		"texturewidth": 128,
		"textureheight": 128,
		"visible_bounds_width": 2,
		"visible_bounds_height": 3,
		"visible_bounds_offset": [0, 1.5, 0],
		"bones": [
			{
				"name": "unknown_bone",
				"pivot": [0, 0, 0],
				"cubes": [
					{"origin": [-5, 0, -5], "size": [10, 10, 10], "uv": [0, 0]},
					{"origin": [-6, 5, -6], "size": [5, 8, 12], "uv": [0, 108]},
					{"origin": [-5, 6, -6], "size": [4, 8, 12], "uv": [0, 108]},
					{"origin": [1, 5, -6], "size": [5, 8, 12], "uv": [0, 108]},
					{"origin": [1, 6, -6], "size": [4, 8, 12], "uv": [0, 108]},
					{"origin": [-3, 5, -3], "size": [2, 14, 6], "uv": [0, 108]},
					{"origin": [1, 5, -3], "size": [2, 14, 6], "uv": [0, 108]},
					{"origin": [-1, 5, -3], "size": [2, 14, 6], "uv": [0, 0]},
					{"origin": [-4, 22, -4], "size": [8, 2, 8], "uv": [0, 115]},
					{"origin": [-4, 19, -4], "size": [8, 2, 8], "uv": [0, 115]},
					{"origin": [-4, 21, -4], "size": [8, 1, 8], "uv": [0, 0]},
					{"origin": [-1, 21, -1], "size": [2, 6, 2], "uv": [120, 120]},
					{"origin": [-4, 25, -4], "size": [8, 9, 8], "uv": [78, 79]},
					{"origin": [3, 29, -5], "size": [2, 6, 10], "uv": [0, 0]},
					{"origin": [-5, 29, -5], "size": [2, 6, 10], "uv": [0, 59]},
					{"origin": [-5, 24, 4], "size": [9, 11, 1], "uv": [56, 57]},
					{"origin": [-6, 24, -5], "size": [2, 9, 10], "uv": [42, 57]},
					{"origin": [4, 24, -5], "size": [2, 9, 10], "uv": [42, 57]},
					{"origin": [-3, 33, -5], "size": [6, 3, 10], "uv": [44, 44]},
					{"origin": [-2, 29, 4], "size": [2, 14, 2], "uv": [66, 67]},
					{"origin": [1, 28, 4], "size": [2, 14, 2], "uv": [72, 0]},
					{"origin": [0, 29, 4], "size": [2, 11, 2], "uv": [72, 15]},
					{"origin": [-3, 29, 4], "size": [2, 11, 2], "uv": [72, 15]},
					{"origin": [-3, 45, 4], "size": [2, 2, 2], "uv": [22, 28]},
					{"origin": [2, 44, 4], "size": [2, 2, 2], "uv": [22, 28]},
					{"origin": [-6, 13, -1], "size": [2, 11, 2], "uv": [120, 112]},
					{"origin": [4, 13, -1], "size": [2, 11, 2], "uv": [120, 117]},
					{"origin": [-1, 9, -6], "size": [2, 7, 12], "uv": [0, 109]}
				]
			}
		]
	}
}