{
	"format_version": "1.10.0",
	"geometry.rei": {
		"texturewidth": 128,
		"textureheight": 128,
		"visible_bounds_width": 2,
		"visible_bounds_height": 3,
		"visible_bounds_offset": [0, 1.5, 0],
		"bones": [
			{
				"name": "unknown_bone",
				"pivot": [0, 0, 0],
				"cubes": [
					{"origin": [-6, 0, -6], "size": [12, 11, 12], "uv": [0, 0]},
					{"origin": [-5, 11, -5], "size": [10, 7, 10], "uv": [0, 43]},
					{"origin": [-3, 15, -3], "size": [6, 5, 6], "uv": [24, 66]},
					{"origin": [-6, 14, -6], "size": [12, 8, 12], "uv": [80, 0]},
					{"origin": [-4, 12, -6], "size": [8, 8, 12], "uv": [88, 0]},
					{"origin": [-6, 22, -6], "size": [2, 6, 12], "uv": [100, 0]},
					{"origin": [4, 22, -6], "size": [2, 6, 12], "uv": [100, 0]},
					{"origin": [-4, 22, 4], "size": [10, 6, 2], "uv": [64, 14]},
					{"origin": [-2, 30, -4], "size": [4, 7, 8], "uv": [98, 62]},
					{"origin": [-4, 30, -3], "size": [2, 5, 6], "uv": [100, 64]},
					{"origin": [2, 30, -3], "size": [2, 5, 6], "uv": [102, 64]},
					{"origin": [-4, 22, -5], "size": [8, 6, 10], "uv": [16, 100]},
					{"origin": [-1, 20, -7], "size": [2, 4, 10], "uv": [104, 114]},
					{"origin": [-6, 28, -6], "size": [12, 2, 12], "uv": [80, 0]},
					{"origin": [-8, 9, -1], "size": [2, 11, 2], "uv": [48, 70]},
					{"origin": [-8, 7, -1], "size": [2, 2, 2], "uv": [120, 124]},
					{"origin": [6, 9, -1], "size": [2, 11, 2], "uv": [48, 71]},
					{"origin": [6, 7, -1], "size": [2, 2, 2], "uv": [120, 124]},
					{"origin": [-7, 17, -1], "size": [14, 4, 2], "uv": [36, 0]}
				]
			}
		]
	}
}